"","ID","banco","idade","sexo","faixaatraso","acionamentos","pagamento","desconto"
"1",1,"Itau",35,"Feminino",93,57,TRUE,18.1623194548767
"2",2,"Santander",23,"Masculino",93,47,FALSE,18.2796525558457
"3",3,"Bradesco",51,"Feminino",56,62,TRUE,6.19003302911297
"4",4,"Sofisa",56,"Masculino",87,24,FALSE,19.1739986502565
"5",5,"Citibank",40,"Feminino",64,25,TRUE,9.21970325992443
"6",6,"Itau",29,"Masculino",59,18,FALSE,5.57620607553981
"7",7,"Santander",35,"Feminino",67,31,TRUE,6.89741923012771
"8",8,"Bradesco",36,"Masculino",97,47,FALSE,18.1536708207335
"9",9,"Sofisa",36,"Feminino",92,15,TRUE,19.4220597904176
"10",10,"Citibank",27,"Masculino",67,38,FALSE,7.31070206216536
"11",11,"Itau",34,"Feminino",62,53,TRUE,5.95724252592772
"12",12,"Santander",46,"Masculino",59,28,FALSE,8.52302005370147
"13",13,"Bradesco",36,"Feminino",89,43,TRUE,18.9215559985954
"14",14,"Sofisa",56,"Masculino",78,54,FALSE,9.43847849792801
"15",15,"Citibank",54,"Feminino",92,40,TRUE,18.7319586904719
"16",16,"Itau",40,"Masculino",65,58,FALSE,7.67195138055831
"17",17,"Santander",47,"Feminino",81,47,TRUE,8.16038659838959
"18",18,"Bradesco",37,"Masculino",58,13,FALSE,7.32753761312924
"19",19,"Sofisa",44,"Feminino",98,30,TRUE,18.1783490029164
"20",20,"Citibank",37,"Masculino",87,38,FALSE,18.9795079221949
"21",21,"Itau",23,"Feminino",68,20,TRUE,6.78804455152713
"22",22,"Santander",32,"Masculino",59,20,FALSE,5.81179747101851
"23",23,"Bradesco",55,"Feminino",96,24,TRUE,18.7699222299736
"24",24,"Sofisa",41,"Masculino",90,35,FALSE,18.1246829594951
"25",25,"Citibank",54,"Feminino",98,38,TRUE,18.9002196366433
"26",26,"Itau",56,"Masculino",82,44,FALSE,7.25850392584689
"27",27,"Santander",57,"Feminino",85,11,TRUE,6.83565983981825
"28",28,"Bradesco",28,"Masculino",90,15,FALSE,18.9837678241078
"29",29,"Sofisa",25,"Feminino",99,62,TRUE,18.9384992802981
"30",30,"Citibank",45,"Masculino",71,58,FALSE,8.1828572163824
"31",31,"Itau",43,"Feminino",83,50,TRUE,6.58723923591897
"32",32,"Santander",34,"Masculino",51,38,FALSE,6.96882668160833
"33",33,"Bradesco",42,"Feminino",55,66,TRUE,6.82567563429475
"34",34,"Sofisa",29,"Masculino",53,65,FALSE,8.32042402145453
"35",35,"Citibank",54,"Feminino",71,23,TRUE,8.38213915643282
"36",36,"Itau",51,"Masculino",54,41,FALSE,9.25074977898039
"37",37,"Santander",31,"Feminino",56,16,TRUE,5.8024649139028
"38",38,"Bradesco",42,"Masculino",55,63,FALSE,7.04653118774295
"39",39,"Sofisa",53,"Feminino",91,47,TRUE,18.6528698257636
"40",40,"Citibank",49,"Masculino",69,43,FALSE,5.63989623864181
"41",41,"Itau",49,"Feminino",56,24,TRUE,8.09413132467307
"42",42,"Santander",29,"Masculino",68,37,FALSE,9.16789034134708
"43",43,"Bradesco",38,"Feminino",58,10,TRUE,7.80306586571969
"44",44,"Sofisa",54,"Masculino",90,48,FALSE,18.5663361212704
"45",45,"Citibank",56,"Feminino",64,19,TRUE,7.76984241679311
"46",46,"Itau",31,"Masculino",60,30,FALSE,6.95876445425674
"47",47,"Santander",29,"Feminino",87,36,TRUE,18.1435588501394
"48",48,"Bradesco",30,"Masculino",69,53,FALSE,8.26428273571655
"49",49,"Sofisa",49,"Feminino",52,32,TRUE,8.69597251643427
"50",50,"Citibank",46,"Masculino",63,17,FALSE,7.14017182975076
"51",51,"Itau",22,"Feminino",66,63,TRUE,7.85928485253826
"52",52,"Santander",22,"Masculino",87,12,FALSE,18.1800809917972
"53",53,"Bradesco",44,"Feminino",82,62,TRUE,5.88529452984221
"54",54,"Sofisa",54,"Masculino",99,40,FALSE,18.8818351344205
"55",55,"Citibank",50,"Feminino",84,58,TRUE,6.28751483848318
"56",56,"Itau",54,"Masculino",79,31,FALSE,8.36898494670167
"57",57,"Santander",43,"Feminino",96,43,TRUE,18.7758359441068
"58",58,"Bradesco",24,"Masculino",77,27,FALSE,6.22375303134322
"59",59,"Sofisa",27,"Feminino",56,38,TRUE,9.17203229260631
"60",60,"Citibank",37,"Masculino",50,37,FALSE,5.8577798797749
"61",61,"Itau",42,"Feminino",69,20,TRUE,9.54192020157352
"62",62,"Santander",57,"Masculino",94,22,FALSE,19.1422593928874
"63",63,"Bradesco",40,"Feminino",70,66,TRUE,9.33499343469739
"64",64,"Sofisa",28,"Masculino",65,37,FALSE,6.31989325368777
"65",65,"Citibank",39,"Feminino",52,53,TRUE,6.64529324066825
"66",66,"Itau",49,"Masculino",72,41,FALSE,7.81873929277062
"67",67,"Santander",23,"Feminino",94,37,TRUE,18.1874106679112
"68",68,"Bradesco",41,"Masculino",68,63,FALSE,6.12141818623058
"69",69,"Sofisa",32,"Feminino",53,37,TRUE,7.34245501388796
"70",70,"Citibank",36,"Masculino",53,44,FALSE,6.37680706367828
"71",71,"Itau",40,"Feminino",95,12,TRUE,19.3694516198244
"72",72,"Santander",55,"Masculino",75,10,FALSE,7.48942462368868
"73",73,"Bradesco",45,"Feminino",55,17,TRUE,5.81091208276339
"74",74,"Sofisa",26,"Masculino",96,53,FALSE,19.3356055103708
"75",75,"Citibank",31,"Feminino",82,27,TRUE,7.79517303067259
"76",76,"Itau",49,"Masculino",64,55,FALSE,6.04648916390724
"77",77,"Santander",42,"Feminino",85,20,TRUE,7.75785477058962
"78",78,"Bradesco",44,"Masculino",82,66,FALSE,8.2574186806567
"79",79,"Sofisa",49,"Feminino",99,53,TRUE,18.3326781467069
"80",80,"Citibank",48,"Masculino",63,18,FALSE,7.62829482923262
"81",81,"Itau",56,"Feminino",56,33,TRUE,6.12574086207897
"82",82,"Santander",33,"Masculino",59,20,FALSE,7.58655627458356
"83",83,"Bradesco",34,"Feminino",60,11,TRUE,9.39985913247801
"84",84,"Sofisa",26,"Masculino",76,43,FALSE,8.0916649280116
"85",85,"Citibank",43,"Feminino",93,19,TRUE,18.803261422785
"86",86,"Itau",55,"Masculino",50,30,FALSE,5.868921617046
"87",87,"Santander",23,"Feminino",61,47,TRUE,7.64388933381997
"88",88,"Bradesco",46,"Masculino",72,35,FALSE,7.82695069462061
"89",89,"Sofisa",45,"Feminino",55,50,TRUE,5.87751847817563
"90",90,"Citibank",31,"Masculino",53,52,FALSE,6.16449321354739
"91",91,"Itau",35,"Feminino",66,37,TRUE,7.97605599379167
"92",92,"Santander",33,"Masculino",91,19,FALSE,19.3554232323542
"93",93,"Bradesco",51,"Feminino",70,45,TRUE,8.87417090516537
"94",94,"Sofisa",30,"Masculino",69,37,FALSE,5.89010337088257
"95",95,"Citibank",53,"Feminino",88,35,TRUE,18.4205959600862
"96",96,"Itau",44,"Masculino",95,23,FALSE,18.5249542632606
"97",97,"Santander",41,"Feminino",55,22,TRUE,8.26759601528756
"98",98,"Bradesco",28,"Masculino",72,60,FALSE,7.9053051896859
"99",99,"Sofisa",41,"Feminino",80,38,TRUE,8.89875894556753
"100",100,"Citibank",42,"Masculino",63,49,FALSE,8.79052619454451
"101",101,"Itau",35,"Feminino",83,12,TRUE,8.53137948345393
"102",102,"Santander",44,"Masculino",62,42,FALSE,9.64736276427284
"103",103,"Bradesco",55,"Feminino",71,43,TRUE,8.65367799783125
"104",104,"Sofisa",51,"Masculino",69,14,FALSE,6.15308728790842
"105",105,"Citibank",35,"Feminino",60,44,TRUE,6.48498482997529
"106",106,"Itau",54,"Masculino",89,62,FALSE,19.2445451241918
"107",107,"Santander",23,"Feminino",59,45,TRUE,6.1298725200817
"108",108,"Bradesco",33,"Masculino",93,25,FALSE,19.2640132460743
"109",109,"Sofisa",38,"Feminino",69,56,TRUE,9.35168219087645
"110",110,"Citibank",26,"Masculino",53,12,FALSE,7.287359502865
"111",111,"Itau",46,"Feminino",89,58,TRUE,19.3385200525634
"112",112,"Santander",36,"Masculino",72,58,FALSE,6.57747909305617
"113",113,"Bradesco",44,"Feminino",60,63,TRUE,5.50214236737229
"114",114,"Sofisa",22,"Masculino",96,26,FALSE,18.8908071918879
"115",115,"Citibank",40,"Feminino",97,37,TRUE,19.2731179746799
"116",116,"Itau",57,"Masculino",96,52,FALSE,19.3559732425958
"117",117,"Santander",55,"Feminino",58,26,TRUE,7.3894563249778
"118",118,"Bradesco",41,"Masculino",58,32,FALSE,7.16975663793273
"119",119,"Sofisa",41,"Feminino",55,32,TRUE,7.21323862634599
"120",120,"Citibank",52,"Masculino",57,11,FALSE,7.2463006561622
"121",121,"Itau",48,"Feminino",83,56,TRUE,9.59361524838023
"122",122,"Santander",54,"Masculino",87,22,FALSE,18.3581138679758
"123",123,"Bradesco",41,"Feminino",92,24,TRUE,18.6164489428513
"124",124,"Sofisa",50,"Masculino",83,66,FALSE,6.87220950578339
"125",125,"Citibank",44,"Feminino",90,41,TRUE,18.7422965478152
"126",126,"Itau",22,"Masculino",79,48,FALSE,7.86257259845734
"127",127,"Santander",45,"Feminino",70,33,TRUE,6.81347888614982
"128",128,"Bradesco",40,"Masculino",66,54,FALSE,6.39833221780136
"129",129,"Sofisa",35,"Feminino",51,55,TRUE,8.98943693586625
"130",130,"Citibank",44,"Masculino",79,47,FALSE,7.85214834399521
"131",131,"Itau",27,"Feminino",58,46,TRUE,7.72367867617868
"132",132,"Santander",31,"Masculino",80,32,FALSE,8.83477378571406
"133",133,"Bradesco",24,"Feminino",55,26,TRUE,7.776755464077
"134",134,"Sofisa",51,"Masculino",84,30,FALSE,7.00060689784586
"135",135,"Citibank",30,"Feminino",73,13,TRUE,6.8393746805843
"136",136,"Itau",45,"Masculino",72,60,FALSE,7.06353655103594
"137",137,"Santander",48,"Feminino",98,37,TRUE,18.2418391890824
"138",138,"Bradesco",54,"Masculino",65,62,FALSE,7.72069251798093
"139",139,"Sofisa",43,"Feminino",51,49,TRUE,9.65160127226263
"140",140,"Citibank",23,"Masculino",56,29,FALSE,8.26936624906957
"141",141,"Itau",49,"Feminino",63,60,TRUE,8.37716600662097
"142",142,"Santander",57,"Masculino",71,45,FALSE,7.98995095225982
"143",143,"Bradesco",44,"Feminino",87,27,TRUE,18.8841232942417
"144",144,"Sofisa",38,"Masculino",93,46,FALSE,19.1312897568569
"145",145,"Citibank",33,"Feminino",74,23,TRUE,6.4644710787572
"146",146,"Itau",54,"Masculino",84,48,FALSE,6.92517708698288
"147",147,"Santander",48,"Feminino",72,32,TRUE,7.93831459637731
"148",148,"Bradesco",35,"Masculino",95,29,FALSE,19.0735121412668
"149",149,"Sofisa",32,"Feminino",61,45,TRUE,7.41321108099073
"150",150,"Citibank",44,"Masculino",84,55,FALSE,7.56024678237736
"151",151,"Itau",33,"Feminino",81,44,TRUE,5.96332714892924
"152",152,"Santander",41,"Masculino",87,25,FALSE,19.4731648697983
"153",153,"Bradesco",23,"Feminino",58,43,TRUE,6.95939140706323
"154",154,"Sofisa",36,"Masculino",83,66,FALSE,8.41160313179716
"155",155,"Citibank",49,"Feminino",94,12,TRUE,18.6313896245323
"156",156,"Itau",47,"Masculino",98,44,FALSE,18.2922226703726
"157",157,"Santander",43,"Feminino",52,37,TRUE,9.0014886083547
"158",158,"Bradesco",56,"Masculino",86,32,FALSE,19.0333417201415
"159",159,"Sofisa",35,"Feminino",60,18,TRUE,8.81910244645551
"160",160,"Citibank",29,"Masculino",95,61,FALSE,18.1229150980711
"161",161,"Itau",28,"Feminino",86,40,TRUE,19.1512502447236
"162",162,"Santander",56,"Masculino",51,46,FALSE,7.45308777466416
"163",163,"Bradesco",55,"Feminino",88,60,TRUE,18.7750989586115
"164",164,"Sofisa",31,"Masculino",50,45,FALSE,6.30314876078628
"165",165,"Citibank",49,"Feminino",61,57,TRUE,6.99233591421507
"166",166,"Itau",23,"Masculino",55,28,FALSE,6.50043920702301
"167",167,"Santander",33,"Feminino",64,21,TRUE,8.38450461542234
"168",168,"Bradesco",33,"Masculino",92,34,FALSE,18.3119565824047
"169",169,"Sofisa",54,"Feminino",63,32,TRUE,7.15462241284549
"170",170,"Citibank",38,"Masculino",63,25,FALSE,7.97782485461794
"171",171,"Itau",37,"Feminino",90,31,TRUE,19.1355481436942
"172",172,"Santander",45,"Masculino",72,65,FALSE,6.27794000552967
"173",173,"Bradesco",32,"Feminino",76,18,TRUE,8.34793025874533
"174",174,"Sofisa",57,"Masculino",81,38,FALSE,7.85927597135305
"175",175,"Citibank",56,"Feminino",59,41,TRUE,7.02558396486565
"176",176,"Itau",49,"Masculino",72,38,FALSE,8.04301932640374
"177",177,"Santander",25,"Feminino",95,64,TRUE,18.2516110979021
"178",178,"Bradesco",41,"Masculino",78,13,FALSE,7.77959963185713
"179",179,"Sofisa",53,"Feminino",72,14,TRUE,8.51089183697477
"180",180,"Citibank",41,"Masculino",99,31,FALSE,18.1543266254943
"181",181,"Itau",38,"Feminino",86,24,TRUE,18.6595188414678
"182",182,"Santander",23,"Masculino",63,31,FALSE,9.55363459438085
"183",183,"Bradesco",35,"Feminino",75,15,TRUE,9.67459523966536
"184",184,"Sofisa",51,"Masculino",94,19,FALSE,19.424197332887
"185",185,"Citibank",29,"Feminino",99,41,TRUE,19.1321375139989
"186",186,"Itau",39,"Masculino",56,58,FALSE,8.11384672168642
"187",187,"Santander",43,"Feminino",84,14,TRUE,7.1950279311277
"188",188,"Bradesco",27,"Masculino",58,46,FALSE,7.21085906228982
"189",189,"Sofisa",26,"Feminino",59,21,TRUE,6.81440012087114
"190",190,"Citibank",50,"Masculino",79,46,FALSE,7.67039951519109
"191",191,"Itau",40,"Feminino",97,56,TRUE,18.2365591696464
"192",192,"Santander",48,"Masculino",83,30,FALSE,5.90928168697283
"193",193,"Bradesco",55,"Feminino",58,46,TRUE,9.6140922984574
"194",194,"Sofisa",40,"Masculino",57,34,FALSE,7.91048982162028
"195",195,"Citibank",22,"Feminino",59,10,TRUE,7.46332820267417
"196",196,"Itau",40,"Masculino",98,49,FALSE,18.7330051640514
"197",197,"Santander",34,"Feminino",65,19,TRUE,7.66821474069729
"198",198,"Bradesco",34,"Masculino",89,42,FALSE,18.330694747204
"199",199,"Sofisa",50,"Feminino",81,19,TRUE,8.87079292456619
"200",200,"Citibank",41,"Masculino",80,46,FALSE,8.18657974922098
"201",201,"Itau",56,"Feminino",71,29,TRUE,8.20101157543249
"202",202,"Santander",27,"Masculino",80,14,FALSE,8.38554654801264
"203",203,"Bradesco",53,"Feminino",79,29,TRUE,6.12767270174809
"204",204,"Sofisa",29,"Masculino",62,48,FALSE,6.1476175583899
"205",205,"Citibank",31,"Feminino",98,61,TRUE,19.1359274351038
"206",206,"Itau",42,"Masculino",60,45,FALSE,7.00513763711788
"207",207,"Santander",57,"Feminino",80,17,TRUE,9.41825375291519
"208",208,"Bradesco",46,"Masculino",61,15,FALSE,9.67391394069418
"209",209,"Sofisa",44,"Feminino",52,22,TRUE,6.8777375722304
"210",210,"Citibank",27,"Masculino",92,28,FALSE,19.1110840265639
"211",211,"Itau",45,"Feminino",81,51,TRUE,6.8697664747946
"212",212,"Santander",47,"Masculino",72,17,FALSE,9.54518329687416
"213",213,"Bradesco",32,"Feminino",92,23,TRUE,18.2425024675205
"214",214,"Sofisa",35,"Masculino",77,48,FALSE,9.14724406371824
"215",215,"Citibank",26,"Feminino",84,12,TRUE,7.04443258969113
"216",216,"Itau",23,"Masculino",95,35,FALSE,19.4914492482785
"217",217,"Santander",44,"Feminino",82,56,TRUE,5.58476241491735
"218",218,"Bradesco",47,"Masculino",54,51,FALSE,9.58404865120538
"219",219,"Sofisa",23,"Feminino",78,64,TRUE,7.62145832129754
"220",220,"Citibank",48,"Masculino",81,48,FALSE,8.42785642435774
"221",221,"Itau",48,"Feminino",81,45,TRUE,8.2105418371968
"222",222,"Santander",52,"Masculino",63,35,FALSE,9.42375513277948
"223",223,"Bradesco",52,"Feminino",89,24,TRUE,19.2778350832406
"224",224,"Sofisa",54,"Masculino",64,16,FALSE,6.89034498571418
"225",225,"Citibank",51,"Feminino",62,28,TRUE,7.12364281853661
"226",226,"Itau",41,"Masculino",97,56,FALSE,18.2423668985721
"227",227,"Santander",53,"Feminino",68,26,TRUE,8.80940500777215
"228",228,"Bradesco",44,"Masculino",90,43,FALSE,18.7977616407908
"229",229,"Sofisa",39,"Feminino",83,20,TRUE,7.47195907575078
"230",230,"Citibank",51,"Masculino",97,13,FALSE,19.1704791293945
"231",231,"Itau",22,"Feminino",64,42,TRUE,8.60940867699683
"232",232,"Santander",41,"Masculino",70,58,FALSE,9.25297002540901
"233",233,"Bradesco",30,"Feminino",97,45,TRUE,18.7292362180073
"234",234,"Sofisa",33,"Masculino",74,63,FALSE,9.23556085471064
"235",235,"Citibank",31,"Feminino",93,32,TRUE,19.4537089874968
"236",236,"Itau",22,"Masculino",55,58,FALSE,9.18115286887623
"237",237,"Santander",30,"Feminino",64,49,TRUE,6.78109744633548
"238",238,"Bradesco",49,"Masculino",52,18,FALSE,8.34177831886336
"239",239,"Sofisa",45,"Feminino",57,41,TRUE,6.87339919735678
"240",240,"Citibank",45,"Masculino",82,63,FALSE,9.51337638329714
"241",241,"Itau",27,"Feminino",91,34,TRUE,18.3311884232331
"242",242,"Santander",25,"Masculino",69,12,FALSE,7.4520858142525
"243",243,"Bradesco",40,"Feminino",53,42,TRUE,8.99055319190957
"244",244,"Sofisa",46,"Masculino",80,22,FALSE,9.41780818575062
"245",245,"Citibank",51,"Feminino",67,20,TRUE,6.74817695221864
"246",246,"Itau",25,"Masculino",86,37,FALSE,18.6139940562658
"247",247,"Santander",57,"Feminino",72,61,TRUE,5.9392602596432
"248",248,"Bradesco",55,"Masculino",83,21,FALSE,6.95558067844249
"249",249,"Sofisa",53,"Feminino",83,61,TRUE,6.47681796899997
"250",250,"Citibank",48,"Masculino",82,15,FALSE,8.19701204290613
"251",251,"Itau",55,"Feminino",58,56,TRUE,7.08293035565875
"252",252,"Santander",33,"Masculino",54,43,FALSE,8.4752172620967
"253",253,"Bradesco",34,"Feminino",96,65,TRUE,18.509502898762
"254",254,"Sofisa",44,"Masculino",76,16,FALSE,9.41183094079606
"255",255,"Citibank",32,"Feminino",85,25,TRUE,7.03943151528947
"256",256,"Itau",53,"Masculino",97,36,FALSE,18.7812303934712
"257",257,"Santander",41,"Feminino",71,27,TRUE,5.91474677152
"258",258,"Bradesco",26,"Masculino",84,21,FALSE,8.22256893632002
"259",259,"Sofisa",57,"Feminino",80,25,TRUE,5.93746205726638
"260",260,"Citibank",29,"Masculino",93,65,FALSE,18.1006075371522
"261",261,"Itau",46,"Feminino",54,50,TRUE,5.76948875249363
"262",262,"Santander",57,"Masculino",65,59,FALSE,8.00025006043725
"263",263,"Bradesco",35,"Feminino",92,38,TRUE,19.2552258342039
"264",264,"Sofisa",56,"Masculino",85,37,FALSE,9.56823120363988
"265",265,"Citibank",37,"Feminino",67,60,TRUE,5.5780496402178
"266",266,"Itau",27,"Masculino",63,51,FALSE,5.53179192743264
"267",267,"Santander",42,"Feminino",96,59,TRUE,18.4861585720908
"268",268,"Bradesco",37,"Masculino",84,45,FALSE,8.50090320943855
"269",269,"Sofisa",37,"Feminino",69,30,TRUE,9.51894971621223
"270",270,"Citibank",46,"Masculino",56,54,FALSE,8.27418482792564
"271",271,"Itau",41,"Feminino",92,64,TRUE,19.3270005386323
"272",272,"Santander",37,"Masculino",79,42,FALSE,7.08639454594813
"273",273,"Bradesco",24,"Feminino",67,21,TRUE,9.4524495948106
"274",274,"Sofisa",24,"Masculino",60,24,FALSE,8.40411436720751
"275",275,"Citibank",45,"Feminino",88,25,TRUE,19.1725368585438
"276",276,"Itau",28,"Masculino",72,53,FALSE,6.52439094306901
"277",277,"Santander",25,"Feminino",60,48,TRUE,8.05966998208314
"278",278,"Bradesco",35,"Masculino",67,16,FALSE,7.89629300162196
"279",279,"Sofisa",34,"Feminino",68,35,TRUE,8.71439089174382
"280",280,"Citibank",35,"Masculino",89,65,FALSE,18.359815100953
"281",281,"Itau",42,"Feminino",99,46,TRUE,19.3609389803372
"282",282,"Santander",26,"Masculino",76,52,FALSE,8.49060044493526
"283",283,"Bradesco",43,"Feminino",70,53,TRUE,6.94034611121751
"284",284,"Sofisa",48,"Masculino",75,48,FALSE,5.82732705650851
"285",285,"Citibank",37,"Feminino",88,15,TRUE,19.4669594605919
"286",286,"Itau",31,"Masculino",75,36,FALSE,8.05898563112132
"287",287,"Santander",27,"Feminino",99,35,TRUE,18.6774577732664
"288",288,"Bradesco",22,"Masculino",57,25,FALSE,8.61670948453247
"289",289,"Sofisa",32,"Feminino",61,13,TRUE,7.93535207081586
"290",290,"Citibank",26,"Masculino",57,41,FALSE,8.26772388988174
"291",291,"Itau",35,"Feminino",75,47,TRUE,9.31052423124201
"292",292,"Santander",43,"Masculino",57,64,FALSE,9.42333768089302
"293",293,"Bradesco",23,"Feminino",76,27,TRUE,5.79782267967239
"294",294,"Sofisa",53,"Masculino",86,17,FALSE,18.3985841599759
"295",295,"Citibank",29,"Feminino",76,46,TRUE,9.06979709337465
"296",296,"Itau",50,"Masculino",72,37,FALSE,8.03050070032477
"297",297,"Santander",30,"Feminino",50,51,TRUE,6.11794170094654
"298",298,"Bradesco",35,"Masculino",64,23,FALSE,9.34275627117604
"299",299,"Sofisa",23,"Feminino",68,50,TRUE,8.44551318767481
"300",300,"Citibank",57,"Masculino",86,30,FALSE,18.3001119146124
"301",301,"Itau",25,"Feminino",60,65,TRUE,7.26057078749873
"302",302,"Santander",26,"Masculino",86,43,FALSE,18.6681632221211
"303",303,"Bradesco",25,"Feminino",88,12,TRUE,18.4207454554737
"304",304,"Sofisa",55,"Masculino",68,28,FALSE,8.76159509322606
"305",305,"Citibank",50,"Feminino",53,37,TRUE,6.47149949246086
"306",306,"Itau",47,"Masculino",72,14,FALSE,9.61443617986515
"307",307,"Santander",40,"Feminino",76,56,TRUE,6.7680997310672
"308",308,"Bradesco",27,"Masculino",69,38,FALSE,9.60588293843903
"309",309,"Sofisa",34,"Feminino",89,45,TRUE,18.2793964233249
"310",310,"Citibank",57,"Masculino",51,20,FALSE,7.20914281480946
"311",311,"Itau",39,"Feminino",63,29,TRUE,7.37267047422938
"312",312,"Santander",50,"Masculino",51,16,FALSE,8.20143712032586
"313",313,"Bradesco",23,"Feminino",73,51,TRUE,6.33005385077558
"314",314,"Sofisa",24,"Masculino",52,59,FALSE,6.42900082883425
"315",315,"Citibank",42,"Feminino",62,60,TRUE,6.5212851499673
"316",316,"Itau",53,"Masculino",72,35,FALSE,5.75951269767247
"317",317,"Santander",33,"Feminino",82,19,TRUE,5.84386784932576
"318",318,"Bradesco",57,"Masculino",67,53,FALSE,6.29213068732061
"319",319,"Sofisa",44,"Feminino",81,22,TRUE,6.62603514352813
"320",320,"Citibank",41,"Masculino",90,40,FALSE,18.5529012548737
"321",321,"Itau",38,"Feminino",74,36,TRUE,5.9178224935662
"322",322,"Santander",24,"Masculino",97,28,FALSE,18.945098014595
"323",323,"Bradesco",36,"Feminino",88,56,TRUE,18.3109303273261
"324",324,"Sofisa",57,"Masculino",63,45,FALSE,7.21244644457474
"325",325,"Citibank",38,"Feminino",99,11,TRUE,19.2822470008861
"326",326,"Itau",42,"Masculino",80,24,FALSE,8.84668053705245
"327",327,"Santander",38,"Feminino",94,56,TRUE,18.7985775145236
"328",328,"Bradesco",22,"Masculino",66,53,FALSE,7.23801082959399
"329",329,"Sofisa",40,"Feminino",90,63,TRUE,18.7958937553689
"330",330,"Citibank",55,"Masculino",72,55,FALSE,8.53541197474114
"331",331,"Itau",56,"Feminino",68,19,TRUE,7.25552175939083
"332",332,"Santander",52,"Masculino",92,48,FALSE,18.1219906451181
"333",333,"Bradesco",22,"Feminino",59,22,TRUE,5.54771645283327
"334",334,"Sofisa",42,"Masculino",53,54,FALSE,9.58851599590853
"335",335,"Citibank",54,"Feminino",70,12,TRUE,8.19720484442077
"336",336,"Itau",49,"Masculino",81,52,FALSE,6.96031155437231
"337",337,"Santander",28,"Feminino",73,32,TRUE,7.74042764389887
"338",338,"Bradesco",22,"Masculino",86,22,FALSE,18.9066230921075
"339",339,"Sofisa",41,"Feminino",61,50,TRUE,6.79161771382205
"340",340,"Citibank",30,"Masculino",74,43,FALSE,7.72139703496359
"341",341,"Itau",27,"Feminino",74,47,TRUE,8.39203387438319
"342",342,"Santander",25,"Masculino",60,31,FALSE,8.97091975174844
"343",343,"Bradesco",44,"Feminino",53,15,TRUE,7.11141509478912
"344",344,"Sofisa",53,"Masculino",89,46,FALSE,18.8073054042645
"345",345,"Citibank",50,"Feminino",55,36,TRUE,7.2677140112035
"346",346,"Itau",55,"Masculino",87,39,FALSE,18.5564996206202
"347",347,"Santander",46,"Feminino",77,30,TRUE,7.99677035398781
"348",348,"Bradesco",51,"Masculino",53,13,FALSE,5.71409883536398
"349",349,"Sofisa",53,"Feminino",90,55,TRUE,19.0541285999119
"350",350,"Citibank",38,"Masculino",77,24,FALSE,7.73034055568278
"351",351,"Itau",23,"Feminino",86,26,TRUE,19.1577444502153
"352",352,"Santander",54,"Masculino",56,19,FALSE,7.16755396318622
"353",353,"Bradesco",52,"Feminino",56,39,TRUE,8.42311400934122
"354",354,"Sofisa",52,"Masculino",98,13,FALSE,19.3775411275215
"355",355,"Citibank",32,"Feminino",55,66,TRUE,5.72977181258611
"356",356,"Itau",38,"Masculino",96,33,FALSE,18.4982125259936
"357",357,"Santander",39,"Feminino",74,29,TRUE,9.58518611765466
"358",358,"Bradesco",33,"Masculino",83,52,FALSE,7.926505829487
"359",359,"Sofisa",40,"Feminino",55,33,TRUE,8.42493474814109
"360",360,"Citibank",46,"Masculino",90,43,FALSE,18.27257801448
"361",361,"Itau",28,"Feminino",75,24,TRUE,9.57841384331696
"362",362,"Santander",53,"Masculino",55,11,FALSE,6.79892904246226
"363",363,"Bradesco",49,"Feminino",80,48,TRUE,7.47834132015705
"364",364,"Sofisa",39,"Masculino",85,63,FALSE,6.57698148069903
"365",365,"Citibank",39,"Feminino",60,63,TRUE,5.70634961402975
"366",366,"Itau",36,"Masculino",61,38,FALSE,9.25113711678423
"367",367,"Santander",43,"Feminino",54,58,TRUE,9.13861248069443
"368",368,"Bradesco",34,"Masculino",94,47,FALSE,18.4346233898774
"369",369,"Sofisa",54,"Feminino",76,55,TRUE,8.03990814415738
"370",370,"Citibank",51,"Masculino",67,29,FALSE,6.86747144139372
"371",371,"Itau",40,"Feminino",87,32,TRUE,19.3520011757035
"372",372,"Santander",46,"Masculino",73,54,FALSE,7.86162280547433
"373",373,"Bradesco",43,"Feminino",53,16,TRUE,7.58319644066505
"374",374,"Sofisa",53,"Masculino",69,30,FALSE,9.31326923621818
"375",375,"Citibank",43,"Feminino",64,33,TRUE,9.15623691501096
"376",376,"Itau",49,"Masculino",90,51,FALSE,19.1503563475329
"377",377,"Santander",40,"Feminino",55,66,TRUE,8.0634669273626
"378",378,"Bradesco",31,"Masculino",59,39,FALSE,6.18922675987706
"379",379,"Sofisa",54,"Feminino",62,11,TRUE,7.10804624669254
"380",380,"Citibank",30,"Masculino",95,66,FALSE,19.2458838368766
"381",381,"Itau",53,"Feminino",54,18,TRUE,8.61407974329777
"382",382,"Santander",27,"Masculino",72,59,FALSE,8.22720867008902
"383",383,"Bradesco",25,"Feminino",50,14,TRUE,9.36824267935008
"384",384,"Sofisa",44,"Masculino",51,51,FALSE,8.55068675177172
"385",385,"Citibank",28,"Feminino",73,22,TRUE,5.61625433685258
"386",386,"Itau",36,"Masculino",76,51,FALSE,9.33018947527744
"387",387,"Santander",34,"Feminino",64,26,TRUE,6.49911786816083
"388",388,"Bradesco",33,"Masculino",77,55,FALSE,8.31324483882636
"389",389,"Sofisa",44,"Feminino",60,63,TRUE,8.48981123790145
"390",390,"Citibank",39,"Masculino",70,43,FALSE,8.84456091928296
"391",391,"Itau",27,"Feminino",73,18,TRUE,7.97230436094105
"392",392,"Santander",28,"Masculino",72,34,FALSE,9.19328962746076
"393",393,"Bradesco",26,"Feminino",54,44,TRUE,6.31560106645338
"394",394,"Sofisa",43,"Masculino",68,21,FALSE,5.6527111121919
"395",395,"Citibank",22,"Feminino",73,28,TRUE,8.10228081736714
"396",396,"Itau",52,"Masculino",61,60,FALSE,6.89602506593801
"397",397,"Santander",55,"Feminino",75,49,TRUE,5.59592679911293
"398",398,"Bradesco",56,"Masculino",70,31,FALSE,6.03081147717312
"399",399,"Sofisa",46,"Feminino",98,10,TRUE,18.7781814792659
"400",400,"Citibank",30,"Masculino",93,16,FALSE,18.4546440205071
"401",401,"Itau",53,"Feminino",54,48,TRUE,9.64816570281982
"402",402,"Santander",55,"Masculino",92,32,FALSE,19.2019885258749
"403",403,"Bradesco",51,"Feminino",93,51,TRUE,19.3144482148346
"404",404,"Sofisa",40,"Masculino",79,19,FALSE,8.2602501525078
"405",405,"Citibank",43,"Feminino",55,18,TRUE,7.05225322721526
"406",406,"Itau",33,"Masculino",55,23,FALSE,8.9595060411375
"407",407,"Santander",49,"Feminino",55,10,TRUE,5.83184184054844
"408",408,"Bradesco",52,"Masculino",76,42,FALSE,6.33185981367715
"409",409,"Sofisa",41,"Feminino",74,18,TRUE,8.05283247963525
"410",410,"Citibank",29,"Masculino",72,66,FALSE,6.40206326805055
"411",411,"Itau",22,"Feminino",80,29,TRUE,8.50465578497387
"412",412,"Santander",26,"Masculino",87,38,FALSE,19.2517567971721
"413",413,"Bradesco",29,"Feminino",94,61,TRUE,18.3648133094888
"414",414,"Sofisa",30,"Masculino",57,21,FALSE,9.17861769241281
"415",415,"Citibank",28,"Feminino",99,51,TRUE,18.6713991154917
"416",416,"Itau",44,"Masculino",67,46,FALSE,7.35652769091539
"417",417,"Santander",29,"Feminino",99,60,TRUE,19.395540123852
"418",418,"Bradesco",53,"Masculino",52,36,FALSE,9.1687532058917
"419",419,"Sofisa",33,"Feminino",54,57,TRUE,6.57130706049502
"420",420,"Citibank",56,"Masculino",91,11,FALSE,18.4554592380766
"421",421,"Itau",29,"Feminino",89,36,TRUE,18.7915680379607
"422",422,"Santander",54,"Masculino",75,47,FALSE,9.55978719727136
"423",423,"Bradesco",40,"Feminino",73,18,TRUE,6.40623377952725
"424",424,"Sofisa",27,"Masculino",96,37,FALSE,18.2501100635156
"425",425,"Citibank",40,"Feminino",55,61,TRUE,6.72167298630811
"426",426,"Itau",24,"Masculino",56,38,FALSE,9.30802809796296
"427",427,"Santander",29,"Feminino",69,50,TRUE,8.3847302319482
"428",428,"Bradesco",24,"Masculino",63,50,FALSE,8.39521028082818
"429",429,"Sofisa",48,"Feminino",75,59,TRUE,5.58295038715005
"430",430,"Citibank",37,"Masculino",74,19,FALSE,7.40946924267337
"431",431,"Itau",46,"Feminino",62,19,TRUE,7.29412700217217
"432",432,"Santander",29,"Masculino",97,36,FALSE,19.1365175456274
"433",433,"Bradesco",57,"Feminino",83,50,TRUE,8.51566652036272
"434",434,"Sofisa",25,"Masculino",98,21,FALSE,18.9446829145309
"435",435,"Citibank",28,"Feminino",99,22,TRUE,19.1644920547027
"436",436,"Itau",53,"Masculino",55,59,FALSE,7.74349683853798
"437",437,"Santander",34,"Feminino",80,12,TRUE,8.67955049211159
"438",438,"Bradesco",32,"Masculino",65,38,FALSE,6.14019520906731
"439",439,"Sofisa",47,"Feminino",78,57,TRUE,8.93177829347551
"440",440,"Citibank",48,"Masculino",93,42,FALSE,19.3399228834547
"441",441,"Itau",47,"Feminino",53,34,TRUE,8.22994196484797
"442",442,"Santander",42,"Masculino",58,25,FALSE,8.49838546384126
"443",443,"Bradesco",46,"Feminino",94,27,TRUE,19.3845591964666
"444",444,"Sofisa",27,"Masculino",89,25,FALSE,18.5920887648594
"445",445,"Citibank",35,"Feminino",52,49,TRUE,7.86933967140503
"446",446,"Itau",53,"Masculino",88,38,FALSE,18.277454108838
"447",447,"Santander",25,"Feminino",78,47,TRUE,9.02283231131732
"448",448,"Bradesco",51,"Masculino",61,43,FALSE,7.07457316527143
"449",449,"Sofisa",54,"Feminino",57,44,TRUE,7.05814636005089
"450",450,"Citibank",37,"Masculino",77,55,FALSE,5.80168858957477
"451",451,"Itau",23,"Feminino",58,38,TRUE,9.16292420788668
"452",452,"Santander",32,"Masculino",52,15,FALSE,8.55374344703741
"453",453,"Bradesco",27,"Feminino",76,46,TRUE,9.3068159237504
"454",454,"Sofisa",39,"Masculino",69,40,FALSE,6.21208504620008
"455",455,"Citibank",37,"Feminino",71,64,TRUE,7.94119906979613
"456",456,"Itau",57,"Masculino",78,57,FALSE,6.8348359930329
"457",457,"Santander",28,"Feminino",56,18,TRUE,6.21335464301519
"458",458,"Bradesco",24,"Masculino",66,66,FALSE,8.10704562407918
"459",459,"Sofisa",29,"Feminino",81,30,TRUE,9.1604671520181
"460",460,"Citibank",34,"Masculino",94,14,FALSE,18.2354179477785
"461",461,"Itau",27,"Feminino",51,54,TRUE,8.22405407740735
"462",462,"Santander",29,"Masculino",67,35,FALSE,8.83095821263269
"463",463,"Bradesco",30,"Feminino",95,32,TRUE,18.2539464506321
"464",464,"Sofisa",53,"Masculino",54,36,FALSE,6.92225282620639
"465",465,"Citibank",54,"Feminino",95,51,TRUE,19.183361548651
"466",466,"Itau",22,"Masculino",75,39,FALSE,7.41596528203227
"467",467,"Santander",26,"Feminino",55,60,TRUE,9.49217678201385
"468",468,"Bradesco",44,"Masculino",64,40,FALSE,8.92023085951805
"469",469,"Sofisa",24,"Feminino",55,64,TRUE,6.90731367035769
"470",470,"Citibank",45,"Masculino",87,56,FALSE,18.4044580508955
"471",471,"Itau",44,"Feminino",92,42,TRUE,18.1662499337923
"472",472,"Santander",34,"Masculino",50,16,FALSE,6.50778547367081
"473",473,"Bradesco",26,"Feminino",59,39,TRUE,5.72457047635689
"474",474,"Sofisa",39,"Masculino",59,47,FALSE,7.9943336870987
"475",475,"Citibank",45,"Feminino",78,57,TRUE,7.65193685228005
"476",476,"Itau",49,"Masculino",97,37,FALSE,18.2772205730435
"477",477,"Santander",54,"Feminino",64,23,TRUE,6.08178777382709
"478",478,"Bradesco",57,"Masculino",89,36,FALSE,18.4976742324885
"479",479,"Sofisa",45,"Feminino",75,36,TRUE,9.17742640394717
"480",480,"Citibank",37,"Masculino",54,42,FALSE,6.46790078184567
"481",481,"Itau",32,"Feminino",97,46,TRUE,18.9504795806017
"482",482,"Santander",42,"Masculino",62,20,FALSE,8.09658201546408
"483",483,"Bradesco",23,"Feminino",71,56,TRUE,8.54995232410729
"484",484,"Sofisa",50,"Masculino",78,50,FALSE,9.23805323289707
"485",485,"Citibank",43,"Feminino",98,10,TRUE,18.8516219652724
"486",486,"Itau",31,"Masculino",56,23,FALSE,6.56868079565465
"487",487,"Santander",52,"Feminino",62,25,TRUE,5.63059184863232
"488",488,"Bradesco",34,"Masculino",70,64,FALSE,7.55793385263532
"489",489,"Sofisa",26,"Feminino",70,55,TRUE,8.08831234611571
"490",490,"Citibank",57,"Masculino",88,51,FALSE,19.139679757366
"491",491,"Itau",45,"Feminino",71,29,TRUE,6.11511985836551
"492",492,"Santander",50,"Masculino",92,56,FALSE,19.4894673381001
"493",493,"Bradesco",43,"Feminino",69,25,TRUE,7.47881961138919
"494",494,"Sofisa",24,"Masculino",96,43,FALSE,19.3634890933987
"495",495,"Citibank",41,"Feminino",99,54,TRUE,18.160295601096
"496",496,"Itau",35,"Masculino",62,13,FALSE,9.09422360514291
"497",497,"Santander",42,"Feminino",83,53,TRUE,9.39728270377964
"498",498,"Bradesco",34,"Masculino",59,45,FALSE,5.77332263947465
"499",499,"Sofisa",33,"Feminino",76,15,TRUE,9.11584515073337
"500",500,"Citibank",41,"Masculino",62,53,FALSE,6.71652790703811
"501",501,"Itau",27,"Feminino",77,59,TRUE,5.85673490888439
"502",502,"Santander",50,"Masculino",53,38,FALSE,8.96157923266292
"503",503,"Bradesco",44,"Feminino",92,66,TRUE,18.450971776899
"504",504,"Sofisa",28,"Masculino",75,28,FALSE,6.80171442544088
"505",505,"Citibank",35,"Feminino",54,17,TRUE,5.6725523527246
"506",506,"Itau",52,"Masculino",94,34,FALSE,19.0974874943029
"507",507,"Santander",25,"Feminino",50,51,TRUE,9.00566059839912
"508",508,"Bradesco",39,"Masculino",79,45,FALSE,7.14323781593703
"509",509,"Sofisa",51,"Feminino",58,36,TRUE,8.02115324605256
"510",510,"Citibank",22,"Masculino",71,44,FALSE,7.47147225146182
"511",511,"Itau",46,"Feminino",85,14,TRUE,6.5218248183839
"512",512,"Santander",54,"Masculino",89,63,FALSE,18.5219135864638
"513",513,"Bradesco",42,"Feminino",50,65,TRUE,9.11583230323158
"514",514,"Sofisa",52,"Masculino",53,40,FALSE,9.03242493891157
"515",515,"Citibank",42,"Feminino",83,52,TRUE,6.38340117060579
"516",516,"Itau",34,"Masculino",57,21,FALSE,8.90143069494516
"517",517,"Santander",52,"Feminino",80,42,TRUE,6.41260733148083
"518",518,"Bradesco",42,"Masculino",70,34,FALSE,8.18570988494903
"519",519,"Sofisa",41,"Feminino",71,20,TRUE,7.23594635692425
"520",520,"Citibank",24,"Masculino",94,42,FALSE,18.5914769983385
"521",521,"Itau",29,"Feminino",77,43,TRUE,5.65351323909126
"522",522,"Santander",53,"Masculino",87,54,FALSE,19.0350902187172
"523",523,"Bradesco",47,"Feminino",96,34,TRUE,18.7273985878099
"524",524,"Sofisa",41,"Masculino",65,43,FALSE,5.58610394913703
"525",525,"Citibank",32,"Feminino",86,57,TRUE,18.6578678768594
"526",526,"Itau",47,"Masculino",84,26,FALSE,7.90773326680064
"527",527,"Santander",31,"Feminino",81,58,TRUE,7.49529084209353
"528",528,"Bradesco",23,"Masculino",89,18,FALSE,18.2921202899888
"529",529,"Sofisa",30,"Feminino",57,33,TRUE,6.79832031945698
"530",530,"Citibank",36,"Masculino",51,31,FALSE,6.87951179482043
"531",531,"Itau",54,"Feminino",97,46,TRUE,18.3472198690288
"532",532,"Santander",27,"Masculino",74,63,FALSE,8.32084249719046
"533",533,"Bradesco",45,"Feminino",77,62,TRUE,7.33791430797428
"534",534,"Sofisa",54,"Masculino",73,27,FALSE,6.03914724886417
"535",535,"Citibank",47,"Feminino",80,66,TRUE,7.71982471607625
"536",536,"Itau",38,"Masculino",64,63,FALSE,8.01293072365224
"537",537,"Santander",52,"Feminino",66,50,TRUE,7.18776613255031
"538",538,"Bradesco",50,"Masculino",52,56,FALSE,6.02886812286451
"539",539,"Sofisa",32,"Feminino",61,43,TRUE,8.17788139497861
"540",540,"Citibank",38,"Masculino",74,33,FALSE,8.23838726398535
"541",541,"Itau",48,"Feminino",56,13,TRUE,5.70531212496571
"542",542,"Santander",23,"Masculino",52,64,FALSE,8.43776950901374
"543",543,"Bradesco",36,"Feminino",51,19,TRUE,8.59096716777421
"544",544,"Sofisa",49,"Masculino",71,41,FALSE,8.95987892965786
"545",545,"Citibank",35,"Feminino",56,46,TRUE,6.03279399690218
"546",546,"Itau",33,"Masculino",73,27,FALSE,7.08919030139223
"547",547,"Santander",42,"Feminino",89,30,TRUE,19.3483239321504
"548",548,"Bradesco",35,"Masculino",99,33,FALSE,18.69524992886
"549",549,"Sofisa",28,"Feminino",81,65,TRUE,5.58496452299878
"550",550,"Citibank",47,"Masculino",72,35,FALSE,6.62040533362888
"551",551,"Itau",29,"Feminino",91,40,TRUE,18.4407485499512
"552",552,"Santander",56,"Masculino",78,12,FALSE,8.6112901661545
"553",553,"Bradesco",55,"Feminino",83,64,TRUE,6.6336230924353
"554",554,"Sofisa",47,"Masculino",92,49,FALSE,18.2706048945431
"555",555,"Citibank",35,"Feminino",99,16,TRUE,19.0964707449544
"556",556,"Itau",23,"Masculino",59,25,FALSE,9.19205170837231
"557",557,"Santander",48,"Feminino",71,66,TRUE,8.95936391772702
"558",558,"Bradesco",26,"Masculino",97,25,FALSE,19.3023349558935
"559",559,"Sofisa",36,"Feminino",84,41,TRUE,8.53627899335697
"560",560,"Citibank",35,"Masculino",94,56,FALSE,18.4173746470362
"561",561,"Itau",42,"Feminino",75,58,TRUE,6.33833708441816
"562",562,"Santander",26,"Masculino",98,41,FALSE,19.0233873151243
"563",563,"Bradesco",24,"Feminino",82,18,TRUE,6.56437804037705
"564",564,"Sofisa",26,"Masculino",71,47,FALSE,9.22216927325353
"565",565,"Citibank",57,"Feminino",75,43,TRUE,6.95979553521611
"566",566,"Itau",23,"Masculino",64,62,FALSE,7.76162815364078
"567",567,"Santander",44,"Feminino",79,35,TRUE,7.82851670025848
"568",568,"Bradesco",41,"Masculino",83,16,FALSE,8.24309889604337
"569",569,"Sofisa",41,"Feminino",80,37,TRUE,8.11840024576522
"570",570,"Citibank",56,"Masculino",64,37,FALSE,6.74725121725351
"571",571,"Itau",54,"Feminino",91,25,TRUE,18.3132855598815
"572",572,"Santander",54,"Masculino",73,22,FALSE,7.15530366781168
"573",573,"Bradesco",38,"Feminino",93,58,TRUE,18.447955729533
"574",574,"Sofisa",53,"Masculino",72,46,FALSE,6.84175506997853
"575",575,"Citibank",26,"Feminino",95,57,TRUE,19.032380755106
"576",576,"Itau",30,"Masculino",77,54,FALSE,9.02008476676419
"577",577,"Santander",46,"Feminino",57,65,TRUE,8.9463086488191
"578",578,"Bradesco",23,"Masculino",51,65,FALSE,9.23580701374449
"579",579,"Sofisa",38,"Feminino",53,47,TRUE,9.59878996647894
"580",580,"Citibank",43,"Masculino",66,48,FALSE,9.2475428937003
"581",581,"Itau",54,"Feminino",68,61,TRUE,6.14054333157837
"582",582,"Santander",46,"Masculino",66,47,FALSE,8.20005329535343
"583",583,"Bradesco",34,"Feminino",53,45,TRUE,9.50582111151889
"584",584,"Sofisa",33,"Masculino",82,36,FALSE,8.78813536227681
"585",585,"Citibank",43,"Feminino",64,50,TRUE,7.92788092484698
"586",586,"Itau",31,"Masculino",63,17,FALSE,6.76812339206226
"587",587,"Santander",45,"Feminino",78,47,TRUE,6.1039165395312
"588",588,"Bradesco",42,"Masculino",85,58,FALSE,9.0088186528068
"589",589,"Sofisa",45,"Feminino",81,54,TRUE,9.01309994440526
"590",590,"Citibank",53,"Masculino",52,23,FALSE,8.30111101879738
"591",591,"Itau",25,"Feminino",85,20,TRUE,6.40884218420833
"592",592,"Santander",30,"Masculino",96,25,FALSE,18.7564826996997
"593",593,"Bradesco",32,"Feminino",76,28,TRUE,8.33011094881222
"594",594,"Sofisa",50,"Masculino",80,51,FALSE,7.65087641119026
"595",595,"Citibank",28,"Feminino",71,58,TRUE,6.59320587469265
"596",596,"Itau",44,"Masculino",79,12,FALSE,7.72230858760886
"597",597,"Santander",24,"Feminino",91,51,TRUE,18.5979178225156
"598",598,"Bradesco",48,"Masculino",69,36,FALSE,7.68796035056002
"599",599,"Sofisa",40,"Feminino",60,10,TRUE,6.32751003466547
"600",600,"Citibank",37,"Masculino",85,63,FALSE,9.10215285383165
"601",601,"Itau",57,"Feminino",66,51,TRUE,7.69485601880588
"602",602,"Santander",50,"Masculino",55,54,FALSE,8.85989015200175
"603",603,"Bradesco",46,"Feminino",98,10,TRUE,18.6322311932687
"604",604,"Sofisa",32,"Masculino",60,18,FALSE,8.74095053765923
"605",605,"Citibank",22,"Feminino",52,38,TRUE,8.97730913767591
"606",606,"Itau",55,"Masculino",92,59,FALSE,18.3655069236644
"607",607,"Santander",49,"Feminino",76,33,TRUE,8.03775553633459
"608",608,"Bradesco",26,"Masculino",91,30,FALSE,18.3676846283488
"609",609,"Sofisa",46,"Feminino",70,31,TRUE,5.83749763490632
"610",610,"Citibank",47,"Masculino",60,57,FALSE,8.89703322430141
"611",611,"Itau",48,"Feminino",52,53,TRUE,6.22191840945743
"612",612,"Santander",25,"Masculino",70,62,FALSE,8.46634395867586
"613",613,"Bradesco",57,"Feminino",86,55,TRUE,19.2798004729673
"614",614,"Sofisa",57,"Masculino",99,42,FALSE,18.3581810642499
"615",615,"Citibank",30,"Feminino",89,63,TRUE,19.4911527879536
"616",616,"Itau",49,"Masculino",89,25,FALSE,18.8966759485658
"617",617,"Santander",46,"Feminino",87,17,TRUE,18.2326948272996
"618",618,"Bradesco",52,"Masculino",68,32,FALSE,7.278283236688
"619",619,"Sofisa",53,"Feminino",70,65,TRUE,6.62067058105022
"620",620,"Citibank",35,"Masculino",77,62,FALSE,6.68284720517695
"621",621,"Itau",39,"Feminino",99,64,TRUE,18.7410114687402
"622",622,"Santander",39,"Masculino",94,30,FALSE,18.5088131905999
"623",623,"Bradesco",35,"Feminino",61,52,TRUE,8.72886456768028
"624",624,"Sofisa",40,"Masculino",93,14,FALSE,19.096812782716
"625",625,"Citibank",30,"Feminino",90,56,TRUE,18.6822173502296
"626",626,"Itau",54,"Masculino",60,42,FALSE,8.33130869721062
"627",627,"Santander",50,"Feminino",62,55,TRUE,7.12753769056872
"628",628,"Bradesco",24,"Masculino",69,23,FALSE,7.55726753687486
"629",629,"Sofisa",34,"Feminino",75,51,TRUE,6.36391840451397
"630",630,"Citibank",25,"Masculino",55,42,FALSE,6.85844618580304
"631",631,"Itau",45,"Feminino",75,13,TRUE,6.96525584179908
"632",632,"Santander",49,"Masculino",74,22,FALSE,7.14205610295758
"633",633,"Bradesco",26,"Feminino",92,36,TRUE,18.9605669696815
"634",634,"Sofisa",25,"Masculino",95,52,FALSE,18.5414106538519
"635",635,"Citibank",27,"Feminino",73,38,TRUE,6.13560502491891
"636",636,"Itau",22,"Masculino",69,49,FALSE,7.24772330722772
"637",637,"Santander",52,"Feminino",53,49,TRUE,6.57198760551401
"638",638,"Bradesco",35,"Masculino",54,13,FALSE,8.56874252986163
"639",639,"Sofisa",42,"Feminino",90,22,TRUE,19.1260085104965
"640",640,"Citibank",38,"Masculino",59,57,FALSE,8.7785970935598
"641",641,"Itau",38,"Feminino",78,62,TRUE,6.33437301991507
"642",642,"Santander",29,"Masculino",90,49,FALSE,19.014187639067
"643",643,"Bradesco",37,"Feminino",73,63,TRUE,8.49292042623274
"644",644,"Sofisa",33,"Masculino",97,33,FALSE,18.4880607677158
"645",645,"Citibank",22,"Feminino",84,38,TRUE,9.56303322645836
"646",646,"Itau",33,"Masculino",51,16,FALSE,5.95435580043122
"647",647,"Santander",52,"Feminino",62,24,TRUE,8.65064337840304
"648",648,"Bradesco",46,"Masculino",60,56,FALSE,6.74765045987442
"649",649,"Sofisa",44,"Feminino",78,57,TRUE,7.46216879338026
"650",650,"Citibank",49,"Masculino",91,35,FALSE,18.5562906008214
"651",651,"Itau",48,"Feminino",72,21,TRUE,6.70824930565432
"652",652,"Santander",36,"Masculino",67,38,FALSE,5.8209356923122
"653",653,"Bradesco",22,"Feminino",89,57,TRUE,18.2792577903252
"654",654,"Sofisa",35,"Masculino",87,57,FALSE,19.2739739095792
"655",655,"Citibank",40,"Feminino",79,48,TRUE,7.9300386548508
"656",656,"Itau",54,"Masculino",67,18,FALSE,5.96046260586008
"657",657,"Santander",54,"Feminino",80,62,TRUE,5.64555562576279
"658",658,"Bradesco",44,"Masculino",54,12,FALSE,7.21958671309985
"659",659,"Sofisa",35,"Feminino",89,30,TRUE,19.4711911953986
"660",660,"Citibank",52,"Masculino",67,21,FALSE,6.12921171570197
"661",661,"Itau",32,"Feminino",83,29,TRUE,8.22120244442485
"662",662,"Santander",33,"Masculino",93,46,FALSE,18.5940136210993
"663",663,"Bradesco",45,"Feminino",56,25,TRUE,7.301645858353
"664",664,"Sofisa",47,"Masculino",51,18,FALSE,7.58534768726677
"665",665,"Citibank",48,"Feminino",97,63,TRUE,19.1862304104026
"666",666,"Itau",48,"Masculino",96,16,FALSE,18.915409906162
"667",667,"Santander",29,"Feminino",91,45,TRUE,19.0046968129463
"668",668,"Bradesco",22,"Masculino",83,12,FALSE,6.2173501202371
"669",669,"Sofisa",26,"Feminino",69,46,TRUE,5.78173498963006
"670",670,"Citibank",55,"Masculino",67,14,FALSE,9.3506307052914
"671",671,"Itau",31,"Feminino",85,27,TRUE,6.86738888509571
"672",672,"Santander",27,"Masculino",85,65,FALSE,9.64021168714389
"673",673,"Bradesco",57,"Feminino",95,26,TRUE,18.7816044447012
"674",674,"Sofisa",33,"Masculino",92,59,FALSE,19.4753694390412
"675",675,"Citibank",42,"Feminino",59,15,TRUE,5.69723887825385
"676",676,"Itau",25,"Masculino",93,25,FALSE,19.155579457432
"677",677,"Santander",46,"Feminino",88,60,TRUE,18.2257005660329
"678",678,"Bradesco",43,"Masculino",54,57,FALSE,8.14158446434885
"679",679,"Sofisa",38,"Feminino",97,28,TRUE,19.1471597665921
"680",680,"Citibank",33,"Masculino",92,33,FALSE,18.871065932652
"681",681,"Itau",30,"Feminino",90,19,TRUE,18.7457521522418
"682",682,"Santander",44,"Masculino",98,18,FALSE,18.4814279002137
"683",683,"Bradesco",47,"Feminino",99,18,TRUE,19.4628434830345
"684",684,"Sofisa",22,"Masculino",91,18,FALSE,18.2584915084764
"685",685,"Citibank",27,"Feminino",60,22,TRUE,9.29922658624128
"686",686,"Itau",25,"Masculino",52,59,FALSE,7.47598836347461
"687",687,"Santander",37,"Feminino",67,11,TRUE,8.34038195149042
"688",688,"Bradesco",56,"Masculino",64,49,FALSE,5.98425884684548
"689",689,"Sofisa",33,"Feminino",75,14,TRUE,7.10001697465777
"690",690,"Citibank",22,"Masculino",93,42,FALSE,19.2324271215126
"691",691,"Itau",41,"Feminino",72,28,TRUE,7.23390344767831
"692",692,"Santander",57,"Masculino",68,52,FALSE,9.13195722638629
"693",693,"Bradesco",33,"Feminino",69,13,TRUE,8.34595092888921
"694",694,"Sofisa",53,"Masculino",63,63,FALSE,8.20624478007667
"695",695,"Citibank",54,"Feminino",54,25,TRUE,6.48700089617632
"696",696,"Itau",32,"Masculino",72,52,FALSE,5.74067064621486
"697",697,"Santander",25,"Feminino",93,17,TRUE,19.1233883131295
"698",698,"Bradesco",53,"Masculino",92,23,FALSE,19.4811955379322
"699",699,"Sofisa",24,"Feminino",51,35,TRUE,7.15868983529508
"700",700,"Citibank",26,"Masculino",95,20,FALSE,18.5858372110408
"701",701,"Itau",39,"Feminino",74,39,TRUE,6.62852201228961
"702",702,"Santander",27,"Masculino",55,46,FALSE,9.68325761053711
"703",703,"Bradesco",25,"Feminino",97,47,TRUE,18.9517205813434
"704",704,"Sofisa",55,"Masculino",66,38,FALSE,6.48895125510171
"705",705,"Citibank",55,"Feminino",87,49,TRUE,19.4729587161913
"706",706,"Itau",36,"Masculino",98,11,FALSE,19.2673478553537
"707",707,"Santander",53,"Feminino",75,66,TRUE,6.65787751730531
"708",708,"Bradesco",56,"Masculino",92,66,FALSE,18.2384663143661
"709",709,"Sofisa",29,"Feminino",95,52,TRUE,18.6831107943319
"710",710,"Citibank",46,"Masculino",94,59,FALSE,19.0469948653132
"711",711,"Itau",32,"Feminino",54,39,TRUE,7.38738264939748
"712",712,"Santander",43,"Masculino",59,46,FALSE,7.74804396233521
"713",713,"Bradesco",39,"Feminino",65,62,TRUE,5.96098501845263
"714",714,"Sofisa",22,"Masculino",87,22,FALSE,18.765275577642
"715",715,"Citibank",25,"Feminino",87,50,TRUE,18.9180399824865
"716",716,"Itau",25,"Masculino",62,64,FALSE,6.29342578258365
"717",717,"Santander",57,"Feminino",70,12,TRUE,9.49238775074482
"718",718,"Bradesco",43,"Masculino",71,54,FALSE,7.90288447216153
"719",719,"Sofisa",29,"Feminino",90,61,TRUE,18.5425527571235
"720",720,"Citibank",32,"Masculino",53,57,FALSE,9.49778288886882
"721",721,"Itau",40,"Feminino",55,58,TRUE,9.61222921903245
"722",722,"Santander",24,"Masculino",92,22,FALSE,18.2182207334787
"723",723,"Bradesco",50,"Feminino",52,51,TRUE,6.36016583973542
"724",724,"Sofisa",41,"Masculino",76,53,FALSE,6.45864376272075
"725",725,"Citibank",54,"Feminino",69,18,TRUE,5.71879158439115
"726",726,"Itau",38,"Masculino",80,58,FALSE,9.37862477898598
"727",727,"Santander",22,"Feminino",56,65,TRUE,8.85928944475017
"728",728,"Bradesco",34,"Masculino",51,43,FALSE,7.21501961397007
"729",729,"Sofisa",49,"Feminino",92,11,TRUE,18.5911190063227
"730",730,"Citibank",43,"Masculino",53,22,FALSE,9.44914628579281
"731",731,"Itau",49,"Feminino",66,15,TRUE,9.49441709080711
"732",732,"Santander",30,"Masculino",90,12,FALSE,19.3203200505581
"733",733,"Bradesco",52,"Feminino",94,15,TRUE,19.4420746990945
"734",734,"Sofisa",27,"Masculino",72,58,FALSE,7.16747191343456
"735",735,"Citibank",26,"Feminino",54,53,TRUE,7.75176828568801
"736",736,"Itau",23,"Masculino",75,45,FALSE,8.71682484108023
"737",737,"Santander",44,"Feminino",62,21,TRUE,7.03179973154329
"738",738,"Bradesco",43,"Masculino",64,17,FALSE,8.72321518142708
"739",739,"Sofisa",33,"Feminino",57,28,TRUE,9.1542856701184
"740",740,"Citibank",55,"Masculino",81,39,FALSE,6.05577413695864
"741",741,"Itau",26,"Feminino",69,22,TRUE,7.46340217897668
"742",742,"Santander",22,"Masculino",89,46,FALSE,18.7675534373615
"743",743,"Bradesco",40,"Feminino",65,52,TRUE,8.42021883195266
"744",744,"Sofisa",51,"Masculino",64,46,FALSE,7.27355577554554
"745",745,"Citibank",27,"Feminino",51,65,TRUE,6.42760900864378
"746",746,"Itau",45,"Masculino",60,14,FALSE,8.02547343317419
"747",747,"Santander",37,"Feminino",55,46,TRUE,6.03387150410563
"748",748,"Bradesco",29,"Masculino",52,58,FALSE,5.77806822871789
"749",749,"Sofisa",38,"Feminino",85,63,TRUE,6.07398085216992
"750",750,"Citibank",23,"Masculino",55,18,FALSE,8.46773996716365
"751",751,"Itau",23,"Feminino",96,13,TRUE,19.2648658796214
"752",752,"Santander",25,"Masculino",89,41,FALSE,18.9202341277618
"753",753,"Bradesco",52,"Feminino",56,18,TRUE,8.12897705868818
"754",754,"Sofisa",57,"Masculino",69,57,FALSE,7.16433316548355
"755",755,"Citibank",22,"Feminino",89,63,TRUE,18.9218247201294
"756",756,"Itau",41,"Masculino",69,56,FALSE,8.17267261603847
"757",757,"Santander",55,"Feminino",86,43,TRUE,18.9695593581069
"758",758,"Bradesco",57,"Masculino",79,47,FALSE,6.45987783675082
"759",759,"Sofisa",46,"Feminino",57,57,TRUE,7.98887534411624
"760",760,"Citibank",45,"Masculino",69,32,FALSE,9.35022115865722
"761",761,"Itau",36,"Feminino",66,57,TRUE,9.57851689225063
"762",762,"Santander",37,"Masculino",75,64,FALSE,8.56148498607799
"763",763,"Bradesco",41,"Feminino",64,54,TRUE,5.95236700559035
"764",764,"Sofisa",33,"Masculino",52,25,FALSE,6.61426118165255
"765",765,"Citibank",54,"Feminino",80,49,TRUE,9.5051481324248
"766",766,"Itau",32,"Masculino",99,13,FALSE,19.0467239079997
"767",767,"Santander",57,"Feminino",66,35,TRUE,6.84650727072731
"768",768,"Bradesco",53,"Masculino",91,29,FALSE,19.187151161721
"769",769,"Sofisa",48,"Feminino",88,20,TRUE,18.6810891812202
"770",770,"Citibank",40,"Masculino",96,55,FALSE,18.3175480248407
"771",771,"Itau",37,"Feminino",62,56,TRUE,8.6519856157247
"772",772,"Santander",37,"Masculino",86,21,FALSE,18.3506860646419
"773",773,"Bradesco",48,"Feminino",72,12,TRUE,9.24933756003156
"774",774,"Sofisa",45,"Masculino",86,51,FALSE,19.0086293424945
"775",775,"Citibank",33,"Feminino",65,10,TRUE,6.8005246898625
"776",776,"Itau",51,"Masculino",78,18,FALSE,9.2593230612576
"777",777,"Santander",46,"Feminino",86,48,TRUE,19.0830682515632
"778",778,"Bradesco",46,"Masculino",94,44,FALSE,18.1655559819192
"779",779,"Sofisa",56,"Feminino",95,40,TRUE,18.1212483575102
"780",780,"Citibank",36,"Masculino",88,29,FALSE,19.272432947997
"781",781,"Itau",23,"Feminino",90,19,TRUE,19.2047156231012
"782",782,"Santander",53,"Masculino",63,64,FALSE,9.27437736839056
"783",783,"Bradesco",56,"Feminino",66,26,TRUE,5.50379007658921
"784",784,"Sofisa",25,"Masculino",90,57,FALSE,19.0257996107452
"785",785,"Citibank",42,"Feminino",86,43,TRUE,18.308439518651
"786",786,"Itau",28,"Masculino",82,60,FALSE,6.51118499324657
"787",787,"Santander",22,"Feminino",78,41,TRUE,8.69314559763297
"788",788,"Bradesco",23,"Masculino",57,29,FALSE,9.02031276933849
"789",789,"Sofisa",33,"Feminino",63,42,TRUE,6.56228366680443
"790",790,"Citibank",28,"Masculino",76,10,FALSE,8.42611302775331
"791",791,"Itau",24,"Feminino",79,30,TRUE,7.66781968050636
"792",792,"Santander",22,"Masculino",74,63,FALSE,7.39481278858148
"793",793,"Bradesco",47,"Feminino",51,60,TRUE,8.89152794559486
"794",794,"Sofisa",36,"Masculino",72,21,FALSE,7.01621591919102
"795",795,"Citibank",36,"Feminino",50,51,TRUE,8.45630886578001
"796",796,"Itau",47,"Masculino",75,46,FALSE,9.24630673089996
"797",797,"Santander",33,"Feminino",99,34,TRUE,18.7463546297979
"798",798,"Bradesco",54,"Masculino",62,58,FALSE,8.04915078049526
"799",799,"Sofisa",55,"Feminino",94,26,TRUE,18.676596478885
"800",800,"Citibank",55,"Masculino",83,33,FALSE,9.12896375064738
"801",801,"Itau",45,"Feminino",91,60,TRUE,18.4628481488209
"802",802,"Santander",45,"Masculino",51,57,FALSE,8.17387123866938
"803",803,"Bradesco",49,"Feminino",73,41,TRUE,7.10367055754177
"804",804,"Sofisa",44,"Masculino",59,23,FALSE,6.84448110391386
"805",805,"Citibank",34,"Feminino",84,16,TRUE,6.85418419283815
"806",806,"Itau",24,"Masculino",59,25,FALSE,9.50333320423961
"807",807,"Santander",48,"Feminino",66,23,TRUE,7.39904977204278
"808",808,"Bradesco",51,"Masculino",68,65,FALSE,8.0071613191627
"809",809,"Sofisa",26,"Feminino",99,34,TRUE,18.7629134718329
"810",810,"Citibank",26,"Masculino",62,61,FALSE,6.05685407812707
"811",811,"Itau",54,"Feminino",84,18,TRUE,7.24202572768554
"812",812,"Santander",48,"Masculino",95,12,FALSE,19.0711070086807
"813",813,"Bradesco",23,"Feminino",87,48,TRUE,19.4156320308335
"814",814,"Sofisa",55,"Masculino",53,49,FALSE,7.8244588073343
"815",815,"Citibank",36,"Feminino",81,15,TRUE,7.9028665728867
"816",816,"Itau",29,"Masculino",73,50,FALSE,6.57935316981748
"817",817,"Santander",40,"Feminino",84,63,TRUE,7.13469498022459
"818",818,"Bradesco",37,"Masculino",93,63,FALSE,19.2693167071324
"819",819,"Sofisa",35,"Feminino",89,59,TRUE,18.1785744261462
"820",820,"Citibank",42,"Masculino",69,42,FALSE,7.72707361825742
"821",821,"Itau",54,"Feminino",58,30,TRUE,9.25905083562247
"822",822,"Santander",38,"Masculino",72,48,FALSE,6.12969372780062
"823",823,"Bradesco",32,"Feminino",61,21,TRUE,8.3409652073402
"824",824,"Sofisa",55,"Masculino",60,52,FALSE,8.18125951932743
"825",825,"Citibank",26,"Feminino",63,50,TRUE,8.31841943957843
"826",826,"Itau",37,"Masculino",54,46,FALSE,8.72111062118783
"827",827,"Santander",27,"Feminino",81,39,TRUE,5.88317122543231
"828",828,"Bradesco",42,"Masculino",87,55,FALSE,18.277216764167
"829",829,"Sofisa",49,"Feminino",62,63,TRUE,5.86789158242755
"830",830,"Citibank",36,"Masculino",89,53,FALSE,19.3327260023449
"831",831,"Itau",45,"Feminino",74,37,TRUE,5.89628907628357
"832",832,"Santander",28,"Masculino",70,57,FALSE,7.19469760716893
"833",833,"Bradesco",57,"Feminino",82,26,TRUE,7.97841659365222
"834",834,"Sofisa",24,"Masculino",67,26,FALSE,6.09983902331442
"835",835,"Citibank",22,"Feminino",76,63,TRUE,6.60907077332959
"836",836,"Itau",34,"Masculino",65,34,FALSE,7.38349508414976
"837",837,"Santander",47,"Feminino",53,12,TRUE,6.40327179376036
"838",838,"Bradesco",35,"Masculino",58,37,FALSE,7.45044456105679
"839",839,"Sofisa",57,"Feminino",61,23,TRUE,7.2291845000349
"840",840,"Citibank",47,"Masculino",52,30,FALSE,7.64866471639834
"841",841,"Itau",40,"Feminino",76,27,TRUE,8.86418337482028
"842",842,"Santander",31,"Masculino",84,46,FALSE,8.1748979083728
"843",843,"Bradesco",47,"Feminino",64,56,TRUE,9.42870234898291
"844",844,"Sofisa",40,"Masculino",62,49,FALSE,6.91471217093058
"845",845,"Citibank",43,"Feminino",51,41,TRUE,5.70719623779878
"846",846,"Itau",41,"Masculino",66,61,FALSE,7.87320042881183
"847",847,"Santander",34,"Feminino",78,61,TRUE,9.69729173234664
"848",848,"Bradesco",38,"Masculino",60,63,FALSE,7.29926979807205
"849",849,"Sofisa",31,"Feminino",59,18,TRUE,8.84838547622785
"850",850,"Citibank",50,"Masculino",92,65,FALSE,19.3306946067605
"851",851,"Itau",35,"Feminino",59,14,TRUE,7.55704751191661
"852",852,"Santander",53,"Masculino",59,23,FALSE,8.42560379710048
"853",853,"Bradesco",43,"Feminino",57,44,TRUE,9.08670695605688
"854",854,"Sofisa",42,"Masculino",54,21,FALSE,7.72259234059602
"855",855,"Citibank",30,"Feminino",64,59,TRUE,5.99855757458135
"856",856,"Itau",40,"Masculino",75,64,FALSE,5.67232542973943
"857",857,"Santander",55,"Feminino",90,41,TRUE,19.0742217514198
"858",858,"Bradesco",33,"Masculino",73,24,FALSE,7.77084741941653
"859",859,"Sofisa",25,"Feminino",83,65,TRUE,8.41489959657192
"860",860,"Citibank",24,"Masculino",68,10,FALSE,9.5232446659822
"861",861,"Itau",47,"Feminino",78,43,TRUE,7.74550030953251
"862",862,"Santander",45,"Masculino",75,58,FALSE,7.44164678193629
"863",863,"Bradesco",32,"Feminino",89,17,TRUE,18.3053576763254
"864",864,"Sofisa",48,"Masculino",82,33,FALSE,7.9390868047718
"865",865,"Citibank",55,"Feminino",89,37,TRUE,18.3738449200522
"866",866,"Itau",57,"Masculino",97,32,FALSE,18.6646880406886
"867",867,"Santander",22,"Feminino",92,12,TRUE,18.9712203095667
"868",868,"Bradesco",35,"Masculino",76,46,FALSE,7.83191924933344
"869",869,"Sofisa",41,"Feminino",91,56,TRUE,19.2910567402374
"870",870,"Citibank",43,"Masculino",92,18,FALSE,19.2114414728247
"871",871,"Itau",30,"Feminino",57,35,TRUE,8.67442286130972
"872",872,"Santander",32,"Masculino",68,37,FALSE,6.20526769901626
"873",873,"Bradesco",37,"Feminino",72,17,TRUE,6.71953388117254
"874",874,"Sofisa",24,"Masculino",82,16,FALSE,8.18267762027681
"875",875,"Citibank",43,"Feminino",56,63,TRUE,7.37643725750968
"876",876,"Itau",45,"Masculino",57,25,FALSE,7.72508821375668
"877",877,"Santander",54,"Feminino",69,12,TRUE,5.68725305628031
"878",878,"Bradesco",52,"Masculino",89,42,FALSE,19.0144796141423
"879",879,"Sofisa",38,"Feminino",90,24,TRUE,19.0083446944132
"880",880,"Citibank",51,"Masculino",84,65,FALSE,7.17536685192026
"881",881,"Itau",32,"Feminino",85,28,TRUE,9.11450179666281
"882",882,"Santander",44,"Masculino",98,40,FALSE,19.2779067533556
"883",883,"Bradesco",27,"Feminino",57,44,TRUE,8.36552448314615
"884",884,"Sofisa",51,"Masculino",61,28,FALSE,7.44644061140716
"885",885,"Citibank",23,"Feminino",53,29,TRUE,7.66712529249489
"886",886,"Itau",51,"Masculino",97,11,FALSE,19.3596233855933
"887",887,"Santander",43,"Feminino",86,61,TRUE,19.2598634303082
"888",888,"Bradesco",55,"Masculino",53,11,FALSE,8.01092900699004
"889",889,"Sofisa",23,"Feminino",81,38,TRUE,7.09121710970066
"890",890,"Citibank",36,"Masculino",62,36,FALSE,7.60514688738622
"891",891,"Itau",39,"Feminino",52,31,TRUE,8.76172459600493
"892",892,"Santander",39,"Masculino",80,22,FALSE,8.66328590493649
"893",893,"Bradesco",40,"Feminino",80,41,TRUE,6.8479624111671
"894",894,"Sofisa",46,"Masculino",67,27,FALSE,9.63537712567486
"895",895,"Citibank",36,"Feminino",78,35,TRUE,7.51915100668557
"896",896,"Itau",39,"Masculino",65,54,FALSE,5.6321967644617
"897",897,"Santander",29,"Feminino",80,66,TRUE,7.27954005445354
"898",898,"Bradesco",27,"Masculino",95,35,FALSE,18.8660522317514
"899",899,"Sofisa",44,"Feminino",94,37,TRUE,19.2002524314914
"900",900,"Citibank",42,"Masculino",70,50,FALSE,5.87066714935936
"901",901,"Itau",44,"Feminino",67,42,TRUE,8.26846211273223
"902",902,"Santander",38,"Masculino",96,46,FALSE,18.9118147677742
"903",903,"Bradesco",50,"Feminino",91,64,TRUE,18.596325157024
"904",904,"Sofisa",27,"Masculino",70,17,FALSE,8.93534119380638
"905",905,"Citibank",47,"Feminino",60,29,TRUE,9.51863644858822
"906",906,"Itau",27,"Masculino",60,10,FALSE,7.59090870465152
"907",907,"Santander",42,"Feminino",82,47,TRUE,8.00819736975245
"908",908,"Bradesco",24,"Masculino",56,22,FALSE,9.35472103673965
"909",909,"Sofisa",30,"Feminino",85,21,TRUE,8.63276578532532
"910",910,"Citibank",52,"Masculino",64,46,FALSE,7.7798159242142
"911",911,"Itau",33,"Feminino",63,13,TRUE,6.03026078012772
"912",912,"Santander",26,"Masculino",83,42,FALSE,6.97693959930912
"913",913,"Bradesco",55,"Feminino",53,44,TRUE,8.50464895735495
"914",914,"Sofisa",30,"Masculino",85,55,FALSE,9.62686840263195
"915",915,"Citibank",28,"Feminino",80,55,TRUE,9.39692322406918
"916",916,"Itau",54,"Masculino",77,36,FALSE,6.23701782757416
"917",917,"Santander",56,"Feminino",67,45,TRUE,7.50235157599673
"918",918,"Bradesco",23,"Masculino",63,49,FALSE,7.68439460261725
"919",919,"Sofisa",51,"Feminino",66,47,TRUE,6.41897830963135
"920",920,"Citibank",31,"Masculino",56,65,FALSE,8.41211577625945
"921",921,"Itau",23,"Feminino",93,44,TRUE,18.6290407459717
"922",922,"Santander",51,"Masculino",66,24,FALSE,7.51466723540798
"923",923,"Bradesco",43,"Feminino",62,16,TRUE,7.45815977142192
"924",924,"Sofisa",57,"Masculino",53,19,FALSE,5.73568020733073
"925",925,"Citibank",24,"Feminino",54,65,TRUE,9.25988398115151
"926",926,"Itau",27,"Masculino",98,18,FALSE,18.9881838853937
"927",927,"Santander",54,"Feminino",95,35,TRUE,18.9458489526063
"928",928,"Bradesco",52,"Masculino",90,25,FALSE,18.4842252867762
"929",929,"Sofisa",38,"Feminino",85,60,TRUE,8.79206265620887
"930",930,"Citibank",43,"Masculino",61,29,FALSE,9.50298112519085
"931",931,"Itau",37,"Feminino",85,44,TRUE,7.16120118061081
"932",932,"Santander",38,"Masculino",85,38,FALSE,8.18519509010948
"933",933,"Bradesco",42,"Feminino",94,41,TRUE,19.2928232854232
"934",934,"Sofisa",43,"Masculino",80,15,FALSE,9.18030304741114
"935",935,"Citibank",49,"Feminino",56,15,TRUE,6.86753042079508
"936",936,"Itau",55,"Masculino",59,14,FALSE,7.46862753801979
"937",937,"Santander",47,"Feminino",87,28,TRUE,19.3013233329635
"938",938,"Bradesco",37,"Masculino",85,61,FALSE,7.77354296767153
"939",939,"Sofisa",41,"Feminino",85,26,TRUE,6.08543153479695
"940",940,"Citibank",32,"Masculino",91,17,FALSE,18.5550154613331
"941",941,"Itau",25,"Feminino",50,14,TRUE,7.91151466364972
"942",942,"Santander",53,"Masculino",86,22,FALSE,18.1823894434609
"943",943,"Bradesco",28,"Feminino",98,28,TRUE,18.5072761441581
"944",944,"Sofisa",51,"Masculino",93,10,FALSE,19.2159023377113
"945",945,"Citibank",22,"Feminino",96,49,TRUE,18.893675329024
"946",946,"Itau",39,"Masculino",71,59,FALSE,5.74015194373205
"947",947,"Santander",27,"Feminino",69,35,TRUE,8.04212943105958
"948",948,"Bradesco",26,"Masculino",72,32,FALSE,8.2959426599089
"949",949,"Sofisa",30,"Feminino",88,26,TRUE,19.4379595260136
"950",950,"Citibank",57,"Masculino",54,31,FALSE,6.4357724333182
"951",951,"Itau",33,"Feminino",85,14,TRUE,5.7579571838025
"952",952,"Santander",24,"Masculino",66,44,FALSE,7.09346622535959
"953",953,"Bradesco",51,"Feminino",74,12,TRUE,6.9802009862382
"954",954,"Sofisa",53,"Masculino",99,44,FALSE,19.4501892123837
"955",955,"Citibank",31,"Feminino",61,23,TRUE,5.81445757080801
"956",956,"Itau",39,"Masculino",69,28,FALSE,8.69271681103855
"957",957,"Santander",41,"Feminino",80,30,TRUE,6.78575943196192
"958",958,"Bradesco",24,"Masculino",90,39,FALSE,19.3502601508051
"959",959,"Sofisa",40,"Feminino",64,64,TRUE,7.93838653867133
"960",960,"Citibank",55,"Masculino",57,55,FALSE,9.36418346920982
"961",961,"Itau",30,"Feminino",62,53,TRUE,9.26298912591301
"962",962,"Santander",23,"Masculino",79,41,FALSE,9.3745489418041
"963",963,"Bradesco",51,"Feminino",80,35,TRUE,9.66560191996395
"964",964,"Sofisa",37,"Masculino",67,46,FALSE,6.72505947747268
"965",965,"Citibank",34,"Feminino",50,38,TRUE,6.54113170728087
"966",966,"Itau",31,"Masculino",96,16,FALSE,18.5441906183492
"967",967,"Santander",52,"Feminino",97,29,TRUE,18.2153691878542
"968",968,"Bradesco",38,"Masculino",94,29,FALSE,18.5205218963325
"969",969,"Sofisa",22,"Feminino",65,25,TRUE,8.74059082521126
"970",970,"Citibank",22,"Masculino",72,40,FALSE,7.15129810757935
"971",971,"Itau",41,"Feminino",72,40,TRUE,7.31778147276491
"972",972,"Santander",30,"Masculino",53,35,FALSE,8.2695310389623
"973",973,"Bradesco",49,"Feminino",60,29,TRUE,8.44537752126343
"974",974,"Sofisa",50,"Masculino",74,33,FALSE,5.59854453285225
"975",975,"Citibank",30,"Feminino",76,20,TRUE,9.58643281720579
"976",976,"Itau",31,"Masculino",95,57,FALSE,19.4416919410694
"977",977,"Santander",33,"Feminino",79,54,TRUE,7.3554570171982
"978",978,"Bradesco",23,"Masculino",59,66,FALSE,9.04105976852588
"979",979,"Sofisa",53,"Feminino",53,48,TRUE,7.79054881599732
"980",980,"Citibank",29,"Masculino",61,47,FALSE,6.17197779472917
"981",981,"Itau",46,"Feminino",89,43,TRUE,18.2763823695481
"982",982,"Santander",39,"Masculino",96,52,FALSE,18.7915957663208
"983",983,"Bradesco",43,"Feminino",63,28,TRUE,9.09452431863174
"984",984,"Sofisa",25,"Masculino",82,13,FALSE,8.06045113229193
"985",985,"Citibank",42,"Feminino",50,54,TRUE,6.86209854241461
"986",986,"Itau",38,"Masculino",74,10,FALSE,6.35925745936111
"987",987,"Santander",31,"Feminino",77,28,TRUE,7.38812272339128
"988",988,"Bradesco",37,"Masculino",82,15,FALSE,6.90519227576442
"989",989,"Sofisa",47,"Feminino",84,26,TRUE,9.55754105732776
"990",990,"Citibank",56,"Masculino",91,38,FALSE,18.2812912371941
"991",991,"Itau",27,"Feminino",55,37,TRUE,9.24478441635147
"992",992,"Santander",45,"Masculino",54,24,FALSE,8.77448104657233
"993",993,"Bradesco",50,"Feminino",63,23,TRUE,8.38069900507107
"994",994,"Sofisa",31,"Masculino",61,50,FALSE,6.26224474906921
"995",995,"Citibank",45,"Feminino",74,17,TRUE,7.3769111873582
"996",996,"Itau",32,"Masculino",61,63,FALSE,6.4689996197354
"997",997,"Santander",54,"Feminino",67,20,TRUE,5.82777100526728
"998",998,"Bradesco",54,"Masculino",92,41,FALSE,18.244060542807
"999",999,"Sofisa",54,"Feminino",66,26,TRUE,8.67670671353117
"1000",1000,"Citibank",31,"Masculino",96,21,FALSE,18.3138603983913
